SID,Organization,Name,Password,Admin(T/F),Subjects
1,Admin,VAC,Admin1,TRUE,","
100,JHS,Luke Emia,JHS100,FALSE,Science
101,JHS,Urm Om,JHS101,FALSE,"History,Science"
102,JHS,Dee Znuts,JHS102,FALSE,"Math,Science"
103,JHS,Hermoine Crab,JHS103,FALSE,"History,Science"
104,JHS,Nut Ella,JHS104,FALSE,Science
105,JHS,Joana Davis,JHS105,FALSE,English
106,JHS,Catherine Loker,JHS106,FALSE,"Math,History"
107,JHS,Sophie Davis,JHS107,FALSE,"English,Science"
108,JHS,Susan Johanson,JHS108,FALSE,"English,Math"
109,JHS,David Hemsworth,JHS109,FALSE,"English,History"
110,JHS,Callum Holland,JHS110,FALSE,"History,Science"
111,JHS,Geroge Jenner,JHS111,FALSE,"Science,Math"
112,JHS,Black Kardashain,JHS112,FALSE,English
113,JHS,Daniel Roosevelt,JHS113,FALSE,"Math,Science"
114,JHS,Danielle Bolt,JHS114,FALSE,Math
115,JHS,Kayla Renner,JHS115,FALSE,Science
116,JHS,Josh Ranner,JHS116,FALSE,Math
117,JHS,Caleb Boise,JHS117,FALSE,"English,Math"
118,JHS,Cameron Dunkin,JHS118,FALSE,"History,Science"
119,JHS,Carl Smith,JHS119,FALSE,History
120,JHS,Hope Blake,JHS120,FALSE,History
121,JHS,Holly Das,JHS121,FALSE,Math
122,JHS,Jimmy Swift,JHS122,FALSE,"English,Science"
123,JHS,Cassie Paris,JHS123,FALSE,"Science,English"
124,JHS,Georgie Potter,JHS124,FALSE,Math
125,JHS,Luca Dumbledore,JHS125,FALSE,Math
126,JHS,Lucy Granger,JHS126,FALSE,"Science,English"
127,JHS,John Weasley,JHS127,FALSE,"Math,English"
128,JHS,Kim Malfoy,JHS128,FALSE,History
129,JHS,Cathy Snape,JHS129,FALSE,"English,Math"
130,JHS,Abby Lupin,JHS130,FALSE,"Science,English"
131,JHS,Gabe Black,JHS131,FALSE,"History,Math"
132,JHS,Teddy Patil,JHS132,FALSE,"History,English"
133,JHS,Lorence Fudge,JHS133,FALSE,Science
134,JHS,Milly Crabbe,JHS134,FALSE,History
135,JHS,Molly Goyle,JHS135,FALSE,"Science,History"
136,JHS,Patrick Trelawney,JHS136,FALSE,"Science,Math"
137,JHS,Rose Lestrange,JHS137,FALSE,"Science,English"
138,JHS,Nathan Scammander,JHS138,FALSE,English
139,JHS,Natalie Lovegood,JHS139,FALSE,English
140,JHS,Scott Dyer,JHS140,FALSE,"Science,Math"
141,JHS,Me Gampa,JHS141,FALSE,History
142,JHS,Me Too,JHS142,FALSE,History
143,JHS,Groot Wang,JHS143,FALSE,"Math,English"
144,JHS,Saheeteee Prattteeee,JHS144,FALSE,"English,History"
145,JHS,Christopher Jooobbbiii,JHS145,FALSE,Math
146,JHS,Ayusha Das,JHS146,FALSE,English
147,JHS,Pearl Perry,JHS147,FALSE,"Math,English,History"
148,JHS,EEEQSHAHH jr.,JHS148,FALSE,"History,English,Science"
149,JHS,Kimmy Chloe Cortney Baby,JHS149,FALSE,Math
150,JHS,Ketchup Heinz,JHS150,FALSE,"Math,Science,History,English"
151,JHS,Catsup Doofenshmirtz,JHS151,FALSE,"English,Math"
152,JHS,Benedict Cucumberpatch,JHS152,FALSE,"History,Science,English"
153,JHS,Rick Gasoline,JHS153,FALSE,English
154,JHS,Spella Blind,JHS154,FALSE,"Math,English"
155,JHS,Agatha Hairpin,JHS155,FALSE,"Science,English"
156,JHS,Tony Rogers,JHS156,FALSE,"Math,English"
157,JHS,Steve Stark,JHS157,FALSE,History
158,JHS,Pepper Rogers,JHS158,FALSE,"English,Math"
159,JHS,Morgan Stark,JHS159,FALSE,"Science,English"
160,JHS,Vision Minimoff,JHS160,FALSE,"History,Math"
161,JHS,Maggie Thorleafson,JHS161,FALSE,"History,English"
162,JHS,T'Challa Parker,JHS162,FALSE,Science
163,JHS,MJ Peters,JHS163,FALSE,History
164,JHS,Zendaya Collander,JHS164,FALSE,"Science,History"
165,JHS,Jacob Batallon,JHS165,FALSE,"Science,Math"
166,JHS,Dave Battista,JHS166,FALSE,"Science,English"
167,JHS,Chris Pratt,JHS167,FALSE,English
168,JHS,The Rock,JHS168,FALSE,English
169,JHS,Peter Quill,JHS169,FALSE,"Science,Math"
170,JHS,Kevin Hart,JHS170,FALSE,History
171,JHS,Gamora Thanos,JHS171,FALSE,History
172,JHS,Bruce Lee,JHS172,FALSE,"Math,English"
173,JHS,Jackie Chan,JHS173,FALSE,English
174,JHS,Elizabeth Olson,JHS174,FALSE,"Math,English,History"
175,JHS,Elizabeth Bennet,JHS175,FALSE,"History,English,Science"
176,JHS,Jane Austen,JHS176,FALSE,Math
177,JHS,Taylor Swift,JHS177,FALSE,"Math,Science,History,English"
178,JHS,Sudhir Cheybbiem,JHS178,FALSE,"English,Math"
179,JHS,Drew Rightton,JHS179,FALSE,"History,Science,English"
180,JHS,Blaire Waldorf,JHS180,FALSE,English
181,JHS,Mare Barrow,JHS181,FALSE,"Math,English"
182,JHS,Tiberius Calore,JHS182,FALSE,"Science,English"
183,JHS,Cal Calore,JHS183,FALSE,"English,Science"
184,JHS,Maven Calore,JHS184,FALSE,"Science,English"
185,JHS,Diana Farley,JHS185,FALSE,Math
186,JHS,Shade Barrow,JHS186,FALSE,Math
187,JHS,Evangeline Samos,JHS187,FALSE,"Science,English"
188,JHS,Gisa Barrow,JHS188,FALSE,"Math,English"
189,JHS,Elane Haven,JHS189,FALSE,History
190,JHS,Ptomlemus Samos,JHS190,FALSE,"English,Math"
191,JHS,Volo Samos,JHS191,FALSE,"Science,English"
192,JHS,Corianne Jacobs,JHS192,FALSE,"History,Math"
193,JHS,Julian Jacobs,JHS193,FALSE,"History,English"
194,JHS,Sarah Skonos,JHS194,FALSE,Science
195,JHS,Iris Lakelander,JHS195,FALSE,History
196,JHS,Cera Lakelander,JHS196,FALSE,"Science,History"
197,JHS,Tiana Lakelander,JHS197,FALSE,"Science,Math"
198,JHS,Mulan Fa,JHS198,FALSE,"Science,English"
199,JHS,Xialing Xu,JHS199,FALSE,English
